3801495,24
3801496,AC/DC
3801497,Acapulco
3801498,Amazon Hunt
3801499,Amazon Hunt II
3801500,Amazon Hunt III
3801501,Attack from Mars
3801502,Austin Powers
3801503,Avatar
3801504,Aztec
3801505,Bad Cats
3801506,Batman
3801507,Big Buck Hunter
3801508,Big Hurt
3801509,Black Rose
3801510,Cactus Canyon
3801511,Cactus Jack’s
3801512,Car Hop
3801513,Cirqus Voltaire
3801514,Class of 1812
3801515,Congo
3801516,Corvette
3801517,Creature Black Lagoon
3801518,CSI
3801519,Cue Ball Wizard
3801520,The Addams Family
3801521,The Avengers
3801522,Demolition Man
3801523,Dirty Harry
3801524,Doctor Who
3801525,Dr Dude
3801526,Dracula
3801527,Eight Ball Deluxe
3801528,Elvira
3801529,Elvis
3801530,Family Guy
3801531,Fish Tales
3801532,Frankenstein
3801533,Funhouse
3801534,Gladiators
3801535,Godzilla
3801536,Grand Prix
3801537,Guns N’ Roses
3801538,Harley Davidson
3801539,High Roller Casino
3801540,Hulk
3801541,Indiana Jones
3801542,Indianapolis 500
3801543,Iron Man
3801544,The Champion Pub
3801545,The Flintstones
3801546,The Getaway: HS II
3801547,Jack Bot
3801548,Johnny Mnemonic
3801549,Jokerz
3801550,Judge Dredd
3801551,Junk Yard
3801552,Jurassic Park
3801553,Last Action Hero
3801554,Lethal Weapon 3
3801555,Lights.Camera.Action!
3801556,Lord of the rings
3801557,Lost in Space
3801558,Mario Andretti
3801559,Medieval Madness
3801560,Metallica
3801561,Monopoly
3801562,Monster Bash
3801563,Monte Carlo
3801564,Mustang
3801565,NBA
3801566,NBA Fast Break
3801567,No Fear
3801568,No Good Gofers
3801569,Panthera
3801570,Paragon
3801571,Pirates des Caraïbes
3801572,Playboy
3801573,Popeye Saves the Earth
3801574,The Party Zone
3801575,Les Sopranos
3801576,Rack ‘Em Up!
3801577,Red & Ted’s Road Show
3801578,Revenge from Mars
3801579,Ripley’s bel. it or not
3801580,Riverboat Gambler
3801581,RollerCoaster Tycoon
3801582,Scared Stiff
3801583,Shaq Attaq
3801584,Sharkey’s Shootout
3801585,Shrek
3801586,Silver Slugger
3801587,South Park
3801588,Space Jam
3801589,Space Mission
3801590,Spiderman
3801591,Star Trek
3801592,Star Wars
3801593,Star Wars Episode I
3801594,Stargate
3801595,Starship Troopers
3801596,Street Fighter II
3801597,Striker Xtreme
3801598,Super Mario Bros
3801599,Surf ‘n Safari
3801600,The Rolling Stones
3801601,The Shadow
3801602,The Simpsons
3801603,Tales of the Arab. Ni.
3801604,Tee’d off
3801605,Terminator 2
3801606,Terminator 3
3801607,Theatre of magic
3801608,Tommy the Who
3801609,Torch
3801610,Totem
3801611,Transformers
3801612,TRON: Legacy
3801613,Twilight Zone
3801614,Waterworld
3801615,Wheel of fortune
3801616,Whirlwind
3801617,White Water
3801618,WHO dunnit
3801619,World Chall. Soccer
3801620,World Cup Soccer
3801621,World Poker Tour
3801622,WWF Royal Rumble
3801623,X-Men